{
    "1" : {
        "start" : [37.23948666666667,126.77321333333333],
        "end" : [37.239446666666666,126.77318666666666]
    },

    "2" : {
        "start" : [37.239446666666666,126.77318666666666],
        "end" : [37.239405000000005,126.77316]
    },

    "3" : {
        "start" : [37.239353333333334,126.77312666666667],
        "end" : [37.23925,126.77305833333334]
    },

    "4" : {
        "start" : [37.2392,126.77302499999999],
        "end" : [37.23916,126.77299833333333]
    },
    "5" : {
        "start" : [37.23916,126.77299833333333],
        "end" : [37.23912,126.77297166666668]
    }
}