{
    "1" : {
        "start" : [37.23948,126.77320833333333],
        "end" : [37.239439999999995,126.77317999999998]
    },

    "2" : {
        "start" : [37.239439999999995,126.77317999999998],
        "end" : [37.2394,126.77315500000002]
    },

    "3" : {
        "start" : [37.2391916666667,126.77302],
        "end" : [37.2391533333333,126.772993333333]
    },

    "4" : {
        "start" : [37.2391533333333,126.772993333333],
        "end" : [37.2391133333333,126.772966666667]
    },
    "5" : {
        "start" : [37.2391916666667,126.77302],
        "end" : [37.239153333333334,126.772995]
    },

    "6" : {
        "start" : [37.239153333333334,126.772995],
        "end" : [37.2391133333333,126.77296833333334]
    }
}