{
    "1" : {
        "1" : [37.23934333333333, 126.77332166666665],
        "2" : [37.23931166666667, 126.773315],
        "3" : [37.23932333333333, 126.773255],
        "4" : [37.23934666666666, 126.77325833333335]
    },

    "2" : {
        "1" : [37.239365, 126.773336666666],
        "2" : [37.23934333333333, 126.77331833333334],
        "3" : [37.23934, 126.773265],
        "4" : [37.23937, 126.77327833333332]
    },

    "3" : {
        "1" : [37.23939, 126.77335166666666],
        "2" : [37.239358333333335, 126.77334166666667],
        "3" : [37.23936666666667, 126.77328166666666],
        "4" : [37.23939333333333, 126.77329166666665]
    },

    "4" : {
        "1" : [37.23941333333333, 126.77336833333332],
        "2" : [37.23938166666667, 126.77335833333333],
        "3" : [37.23939166666666, 126.77329833333333],
        "4" : [37.23941833333333, 126.77330500000001]
    },

    "5" : {
        "1" : [37.23943166666666, 126.77338166666665],
        "2" : [37.23940666666667, 126.77337333333335],
        "3" : [37.23941, 126.77331166666666],
        "4" : [37.23944166666667, 126.77332]
    }

}