{
    "1" : {
        "start" : [37.2393316666667,126.773258333333],
        "end" : [37.239335,126.773311666667]
    },

    "2" : {
        "start" : [37.239355,126.773275],
        "end" : [37.2393583333333,126.773328333333]
    },

    "3" : {
        "start" : [37.2393783333333,126.77329],
        "end" : [37.23938,126.773341666667]
    },

    "4" : {
        "start" : [37.2394033333333,126.773306666667],
        "end" : [37.239405,126.773358333333]
    },

    "5" : {
        "start" : [37.239425,126.773321666667],
        "end" : [37.2394266666667,126.773375]
    },

    "6" : {
        "start" : [37.239448333333335,126.77334666666665],
        "end" : [37.239450000000005,126.77339666666667]
    }
}