{
    "1" : {
        "start" : [37.2391916666667,126.77302],
        "end" : [37.2391533333333,126.772993333333]
    },

    "2" : {
        "start" : [37.2391533333333,126.772993333333],
        "end" : [37.2391133333333,126.772966666667]
    }
}