{
    "-105038": [
        116.90052973371185,
        144.97712627321826
    ],
    "-105044": [
        131.58540512589101,
        154.85477846919073
    ],
    "-105049": [
        123.30659482305113,
        167.78410457331273
    ],
    "-105058": [
        142.39222119909937,
        192.8220405917362
    ],
    "-105059": [
        151.40717489879415,
        198.0938633498418
    ],
    "-105060": [
        141.28275963945535,
        212.24394622195854
    ],
    "-105061": [
        134.36188497195826,
        205.28523457562548
    ],
    "-105062": [
        188.54714127310984,
        319.32072788429895
    ],
    "-105065": [
        186.79672180906553,
        429.4596760228669
    ],
    "-105066": [
        189.6537696479037,
        429.6040172359675
    ],
    "-105068": [
        187.08875867833274,
        463.8753452410503
    ],
    "-105069": [
        190.0434015556104,
        463.75333084537397
    ],
    "-105072": [
        177.1334084802647,
        467.49315793244614
    ],
    "-105073": [
        174.27637216203433,
        467.4043122018944
    ],
    "-105074": [
        175.14658792607995,
        434.675600847178
    ],
    "-105075": [
        172.22743111072347,
        434.56455803136896
    ],
    "-105077": [
        166.12870243953745,
        142.56963708710973
    ],
    "-105083": [
        160.13967266906485,
        125.01210300599107
    ],
    "-105084": [
        155.56093950990805,
        135.1225147732362
    ],
    "-105088": [
        163.07047670433627,
        444.8635480358822
    ],
    "-105089": [
        163.09715526307588,
        441.7671377674998
    ],
    "-105092": [
        202.2348605129017,
        453.74299686040945
    ],
    "-105093": [
        202.4033745268101,
        456.61744682700373
    ],
    "-105096": [
        169.69817604444006,
        459.3246947439976
    ],
    "-105097": [
        170.01753230258393,
        462.5098980434461
    ],
    "-105109": [
        171.8520696410224,
        566.6780887066813
    ],
    "-105113": [
        116.24868109883631,
        441.98832380552216
    ],
    "-105114": [
        113.48036287598867,
        441.9549912142739
    ],
    "-105116": [
        196.25491794656187,
        439.73686781828513
    ],
    "-105117": [
        196.0065479087615,
        436.7847284610174
    ]
}
