{
    "0": [
        37.09626966791962,
        -6.969612197737725,
        "driving",
        20
    ],
    "1": [
        59.580871836565535,
        37.56775158912169,
        "driving",
        20
    ],
    "2": [
        82.70410957023999,
        81.71674642316654,
        "driving",
        20
    ],
    "3": [
        105.87146903993033,
        125.94349611635349,
        "driving",
        20
    ],
    "4": [
        106.44771079731026,
        166.42988853779292,
        "driving",
        20
    ],
    "5": [
        66.03070235403676,
        167.0176804747714,
        "driving",
        20
    ],
    "6": [
        68.84381549544376,
        125.73224451584665,
        "driving",
        20
    ],
    "7": [
        81.9497964735852,
        91.08365403939294,
        "driving",
        20
    ],
    "8": [
        58.74672184390343,
        46.87916889254093,
        "driving",
        20
    ],
    "9": [
        35.56112465175807,
        8.567915877466461,
        "driving",
        20
    ]
}
