{
    "1" : {
        "start" : [37.2393291098261, 126.77326044524],
        "end" : [37.2393296899183, 126.773312908332]
    },

    "2" : {
        "start" : [37.2393534106132, 126.773276397705],
        "end" : [37.2393535696942, 126.773326353163]
    },

    "3" : {
        "start" : [37.23937456839, 126.773292383452],
        "end" : [37.239375045633, 126.773343737663]
    },

    "4" : {
        "start" : [37.2394000213467, 126.773308369198],
        "end" : [37.2394004985896, 126.773361721627]
    },

    "5" : {
        "start" : [37.2394240425668, 126.773324554767],
        "end" : [37.2394245198095, 126.773376908087]
    },

    "6" : {
        "start" : [37.2394479046983, 126.77334014087],
        "end" : [37.23944822286, 126.773393293477]
    }
}