{
    "1" : {
        "start" : [37.451242,126.6497155],
        "end" : [37.4512598,126.6496654]
    },

    "2" : {
        "start" : [37.4512302,126.6496941],
        "end" : [37.4512474,126.6496443]
    },

    "3" : {
        "start" : [37.4512181,126.649674],
        "end" : [37.4512355,126.6496224]
    },

    "4" : {
        "start" : [37.4512056,126.6496519],
        "end" : [37.4512235,126.6496016]
    }
}