{
    "1" : {
        "1" : [37.4512472,126.6497254],
        "2" : [37.4512356,126.6497049],
        "3" : [37.4512659,126.6496757],
        "4" : [37.4512541,126.649655]
    },

    "2" : {
        "1" : [37.4512356,126.6497049],
        "2" : [37.4512235,126.6496836],
        "3" : [37.4512541,126.649655],
        "4" : [37.4512421,126.6496335]
    },

    "3" : {
        "1" : [37.4512235,126.6496836],
        "2" : [37.4512118,126.6496625],
        "3" : [37.4512421,126.6496335],
        "4" : [37.4512306,126.6496122]
    },

    "4" : {
        "1" : [37.4512118,126.6496625],
        "2" : [37.4511994,126.6496413],
        "3" : [37.4512306,126.6496122],
        "4" : [37.4512187,126.6495918]
    },
    "5" : {
        "1" : [37.4512118,126.6496625],
        "2" : [37.4511994,126.6496413],
        "3" : [37.4512306,126.6496122],
        "4" : [37.4512187,126.6495918]
    },
    "6" : {
        "1" : [37.4512118,126.6496625],
        "2" : [37.4511994,126.6496413],
        "3" : [37.4512306,126.6496122],
        "4" : [37.4512187,126.6495918]
    }
}